種類,等級,名稱,類型,能力,說明,販店價
劍,1,長劍,單手武器,攻擊+12~+24,堅固的巨大寬劍。,220
劍,1,闊劍,單手武器,攻擊+18~+36,堅固的寬鐵劍。,280
劍,2,突刺劍,單手武器,攻擊+26~+48,十分細長的細劍。,350
劍,2,火舌劍,單手武器,攻擊+33~+60,擁有火焰形狀的劍身，威力強大的劍。,500
劍,3,麵包劍,單手武器,攻擊+43~+75,長柄的劍，不但很重也很堅固。,600
劍,3,雙手劍,雙手武器,攻擊+50~+84,柄很長的兩手持大劍。,700
劍,4,雙刃長劍,單手武器,攻擊+62~+96,細長、劍身寬、而且又銳利的兩刃劍。,800
劍,4,鎖刃劍,單手武器,攻擊+70~+108,為了用來造其他劍的特殊劍。,900
劍,5,格鬥劍,單手武器,攻擊+84~+120,適用於對戰的改良寬劍。,1000
劍,5,長鍔劍,雙手武器,攻擊+92~+132,容易攜帶且重防禦的長柄兩手劍。,1200
劍,5,黑作太刀,雙手武器,攻擊+93~+129 敏捷+1~+5 命中+2 閃躲+1,不加裝飾，實戰用的直刀。因黑漆塗製的刀鞘而得名。,800
劍,6,豬牙劍,單手武器,攻擊+108~+144,劍身像豬牙的細劍。,1400
劍,6,雙刃闊劍,單手武器,攻擊+117~+156,劍身寬廣的短劍。,1600
劍,7,巨劍,單手武器,攻擊+125~+170 命中+10 閃躲-5,單手可斬擊，雙手可突擊的戰鬥實用劍。,1700
劍,7,長軍刀,單手武器,攻擊+135~+180,劍身寬廣的防禦劍。,1700
劍,7,水龍之劍,單手武器,攻擊+210 敏捷+5 命中+2 閃躲+2 耐久300,寄宿有海神的魔力的劍。,無法販售
劍,8,護身短劍,單手武器,攻擊+225~+230 防禦-50 魔力-200,裝飾過度的防身用短劍。,1800
劍,8,細柄短劍,單手武器,攻擊+153~+204,劍身很細柄很短的輕巧劍。,1800
劍,8,長軍刀+,單手武器,攻擊+90~+180 必殺+1~+2 耐久200~+250 生產系晉升任務Ⅲ,劍身寬廣的防禦劍。,1700
劍,9,細刃重劍,雙手武器,攻擊+182~+228,劍身很細，劍柄卻又重又長的兩手劍。,3000
劍,9,剛硬巨劍,單手武器,攻擊+185 連擊所需消耗魔力減少20%,由硬鋼製成的長劍。,4000
劍,10,青龍刀,單手武器,攻擊+204~+240,劍身刻有龍形的單手劍。,4500
劍,10,曲刀,單手武器,攻擊+250 敏捷+1 命中+1 閃躲+1,需要力量大的人才拿的動的超巨劍。,6000
劍,11,彎勾劍,單手武器,攻擊+239~+250 回復+11 命中+5,任何狀況都能應用自如的劍。,
劍,11,剛毅,雙手武器,攻擊+285~+300 閃躲+20,引導持有者邁向勝利的大劍。可彈開部分攻擊。,4500
斧,1,手斧,單手武器,攻擊+15~+29 防禦-2 敏捷-5~-6 必殺+18,作得很精緻的手斧。,220
斧,1,勇氣之斧,單手武器,攻擊+22~+44 防禦-3 敏捷-7~-9 必殺+18,鐵製的小斧頭，被稱為成人的證明。,370
斧,2,寬手斧,單手武器,攻擊+32~+58 防禦-4 敏捷-10~-12 必殺+18,寬手斧。,470
斧,2,戰鬥手斧,單手武器,攻擊+40~+73 防禦-5 敏捷-12~-15 必殺+18,於近身戰時方可發揮威力之手斧。,650
斧,3,格鬥手斧,單手武器,攻擊+52~+87 防禦-6 敏捷-14~-18 必殺+18,用於近身戰的長柄手斧。,700
斧,3,鋼斧,單手武器,攻擊+61~+102 防禦-7 敏捷-17~-22 必殺+18,鋼鐵製的重戰斧。,800
斧,4,長戰斧,單手武器,攻擊+75~+116 防禦-8 敏捷-19~-25 必殺+18,容易使用的長柄斧頭。,900
斧,4,雙刃斧,單手武器,攻擊+85~+131 防禦-9 敏捷-16~-27 必殺+18,好上手的戰鬥用雙頭斧。,1000
斧,5,鉤爪斧,單手武器,攻擊+102~+145 防禦-10 敏捷-26~-30 必殺+18,尖端有鉤的捕捉用斧頭。,1400
斧,5,闊刃斧,單手武器,攻擊+112~+160 防禦-11 敏捷-26~-33 必殺+18,刃部寬的巨大戰鬥斧頭。,1500
斧,5,鑽保雷格之斧,雙手武器,攻擊+100~+168 防禦-10 敏捷-24~-30 必殺+18 反擊+1~+4 命中+3,雖然看起來又厚又重，但切砍起來相當銳利的戰斧。,900
斧,6,彎月大戰斧,雙手武器,攻擊+131~+174 防禦-12 敏捷-30~-36 必殺+18,有著彎月型斧刃的巨大戰斧。,1600
斧,6,大型闊刃斧,雙手武器,攻擊+142~+189 防禦-13 敏捷-33~-39 必殺+18,刃部很寬的巨大戰鬥斧。,1800
斧,7,大型雙刃斧,雙手武器,攻擊+164~+220 防禦-15 敏捷-36~-42 必殺+18,大型雙頭戰鬥斧頭。,1900
斧,7,超大皇帝斧,雙手武器,攻擊+120~+145 防禦-14 敏捷-34~-40 必殺+36,讓人驚訝的大斧頭。,2000
斧,7,水龍之斧,雙手武器,攻擊+220 防禦+25 必殺+18 耐久300,寄宿有海神的魔力的斧。,無法販售
斧,8,新月斧,雙手武器,攻擊+174~+232 防禦-16 敏捷-40~-48 必殺+18,有重量壓迫感的長柄巨大斧頭。,2000
斧,8,米諾陶斯戰斧,雙手武器,攻擊+200~+245 防禦-70 必殺+18,牛頭怪曾經使用的巨大戰鬥斧頭。,2200
斧,8,大型雙刃斧+,雙手武器,攻擊+168~+225 防禦-10~-15 敏捷-28~-40 必殺+18 反擊+1~+3 耐久200~+250 生產系晉升任務Ⅲ,大型雙頭戰鬥斧頭。,1900
斧,9,薄刃鉤爪斧,雙手武器,攻擊+221~+276 防禦-19 敏捷-46~-57 必殺+18,又薄又寬的刃部，尖端有勾的長柄斧頭。,3500
斧,9,彎月長柄斧,雙手武器,攻擊+221~+276 防禦-29 敏捷-50~-51 必殺+21 乾坤一擲所需消耗魔力減少15%,長又彎曲的斧頭的長柄斧頭。,4000
斧,10,金屬重斧,雙手武器,攻擊+259~+305 防禦-21 敏捷-54~-63 必殺+18,全部用金屬做的，非常重的斧頭。,5500
斧,10,處刑斧,雙手武器,攻擊+305~+310 防禦-40 敏捷-70 必殺+18 乾坤一擲所需消耗魔力減少20%,處死用很利的雙手斧頭。,6500
斧,11,高速斧,單手武器,攻擊+230~+249 必殺+12,為提升敏捷度而開發的斧頭。,
斧,11,重擊斧,雙手武器,攻擊+295~+331 防禦-21 敏捷-72~-80 必殺+36,擁有恐怖的破壞力，引導持有者取得勝利榮光的斧頭。,
槍,1,短矛,單手武器,攻擊+10~+20 反擊+6 命中+3,用途很廣的短槍。,220
槍,1,攻城槍,單手武器,攻擊+15~+30 反擊+6 命中+3,兩端都尖的城堡用長柄槍。,370
槍,2,刺槍,單手武器,攻擊+22~+40 反擊+6 命中+3,輕又長，方便操作的槍。,450
槍,2,金屬槍,單手武器,攻擊+28~+50 反擊+6 命中+3,中央有手把，全金屬做的槍。,550
槍,3,長柄彎槍,單手武器,攻擊+36~+60 反擊+6 命中+3,柄上有新月型刃部的長柄武器。,600
槍,3,長柄尖槍,單手武器,攻擊+42~+70 反擊+6 命中+3,有長又尖尖端部的長柄槍。,700
槍,4,穗槍,單手武器,攻擊+52~+80 反擊+6 命中+3,有樹葉型很利刃部的長槍。,800
槍,4,雙叉戟,單手武器,攻擊+59~+90 反擊+6 命中+3,尖端有分叉的捕捉用長柄武器。,900
槍,5,護衛槍,單手武器,攻擊+70~+100 反擊+6 命中+3,衛兵用，有裝飾的長槍。,1100
槍,5,騎士槍,單手武器,攻擊+77~+110 反擊+6 命中+3,騎士用像刺槍的長柄槍。,1300
槍,5,偃月刀,單手武器,攻擊+87~+126 防禦+1~+5 反擊+8 命中+4,長柄刀的一種。因裝飾華麗而顯得略重。,800
槍,6,大砍槍,單手武器,攻擊+90~+120 反擊+6 命中+3,有勾鐮刀狀的槍。,1500
槍,6,長尖槍,單手武器,攻擊+98~+130 反擊+6 命中+3,尖端極尖，專門刺殺用的槍。,1700
槍,7,蠍槍,單手武器,攻擊+105~+140 反擊+6 命中+3,改造進化的特殊槍。,1800
槍,7,雙刃槍,單手武器,攻擊+120~+125 反擊+12 命中+6,有分叉刀部的槍。,1900
槍,7,水龍之槍,單手武器,攻擊+140 敏捷+50 必殺+12 命中+6 耐久300,寄宿有海神的魔力的槍。,無法販售
槍,8,闊刃槍,單手武器,攻擊+120~+160 反擊+6 命中+3,有長三角錘形狀尖端的步兵槍。,2000
槍,8,東方長刺鎗,單手武器,攻擊+140 反擊+6 閃躲-4 命中+8 耐久300~+350,中間有手把，末端有金屬箍的長槍。,2100
槍,8,蠍槍+,單手武器,攻擊+110~+148 反擊+5~+7 命中+3~+5 耐久200~+250 生產系晉升任務Ⅲ,改造進化的特殊槍。,1800
槍,9,鉤爪槍,單手武器,攻擊+152~+190 反擊+6 命中+3,有尖銳尖端及鉤子的槍。,3600
槍,9,原始槍,單手武器,攻擊+180~+190 反擊+9 命中+5 閃躲-3 諸刃 所需消耗魔力減少20%,有巨大尖端部的傳統槍。,4300
槍,10,三叉戰戟,單手武器,攻擊+179~+210 反擊+6 命中+3,劍鬥士喜歡用，格鬥用三叉的槍。,5000
槍,10,異型槍,單手武器,攻擊+225 反擊+1 命中+1 閃躲-4 諸刃 所需消耗魔力減少20%,尖端部兩側有短鉤的長槍。,8500
槍,11,痛擊槍,單手武器,攻擊+206~+224 必殺+8 反擊+8,能對敵人造成強力傷害的槍。,6000
槍,11,穿刺槍,單手武器,攻擊+200~+252 命中+15,為了能夠確實將敵人毀滅而開發的槍。,7000
弓,1,輕型弓,雙手武器,攻擊+11~+22,好用普及的短弓箭。,220
弓,1,威力短弓,雙手武器,攻擊+17~+33,短距離中，發揮威力的短弓箭。,350
弓,2,短戰弓,雙手武器,攻擊+24~+44,攜帶方便的步兵用短弓。,450
弓,2,獵弓,雙手武器,攻擊+30~+55,聲音小的狩獵用單弓。,550
弓,3,強弓,雙手武器,攻擊+40~+66,用3種素材加強強度的單弓。,600
弓,3,格鬥弓,雙手武器,攻擊+46~+77,高威力戰鬥用合成弓。,700
弓,4,狙擊弓,雙手武器,攻擊+57~+88,據說百發百中的弓。,900
弓,4,超強狙擊弓,雙手武器,攻擊+64~+99,有羽毛裝飾，高精度的弓。,900
弓,5,殺手長弓,雙手武器,攻擊+77~+110,具有破壞力的長弓。,1100
弓,5,衝擊弓,雙手武器,攻擊+85~+121,用弓與箭的共振來發出衝擊波的弓。,1300
弓,5,米斯特汀之弓,雙手武器,攻擊+77~+122 閃躲+1~+3,看起來好像裝飾品，但是精準度高而攻擊力強的弓。,800
弓,6,巨弓,雙手武器,攻擊+99~+132,有壓迫感的大弓。,1500
弓,6,長格鬥弓,雙手武器,攻擊+107~+143,不容易壞掉，結實的長弓。,1700
弓,7,破邪長弓,雙手武器,攻擊120~+130 命中+10 必殺+2,裂開黑夜的長弓。,1800
弓,7,月光長弓,雙手武器,攻擊+123~+165,像美麗新月般閃亮的弓。,1900
弓,7,水龍之弓,雙手武器,攻擊+165 必殺+2 命中+20 耐久200,寄宿有海神的魔力的弓。,無法販售
弓,8,原始石弓,雙手武器,攻擊+170~+187 命中+15 亂射所需消耗魔力增加100%,用腹部力量去拉弓弦，傳統的巨弓。,2000
弓,8,重弦弓,雙手武器,攻擊+140~+187,為了拉緊弓弦，裝了特殊工具的巨弓。,2100
弓,8,月光之弓+,雙手武器,攻擊+130~+160 命中+1~+5 生產系晉升任務Ⅲ,像美麗新月般閃亮的弓。,1900
弓,9,平行弓,雙手武器,攻擊+167~+209,高威力，高精度的石弓。,3200
弓,9,靈魂之弓,雙手武器,攻擊+165 亂射所需消耗魔力減少20%,射中了就會出必殺的長弓。,4200
弓,10,摘星之弓,雙手武器,攻擊+196~+231,據說能射到星星，距離超長的長弓。,5200
弓,10,魔彈,雙手武器,攻擊+195 命中+5 陽炎所需消耗魔力減少20%,據說是怪物愛用的長弓。,6500
弓,11,調和之弓,雙手武器,攻擊+201~219 必殺+6 閃躲+10,使用起來有如舞蹈般華麗的弓。,6200
弓,11,月之弓,雙手武器,攻擊+222~+250 防禦+30 命中+8 閃躲-10,只要集中精神，就能輕易將敵方一箭穿心的弓。,7200
杖,1,短杖,單手武器,攻擊+5 精神+4~+5 魔攻+11~+14,小型單純杖。,220
杖,1,權杖,單手武器,攻擊+5~+10 精神+5 魔攻+11~+12,中型單純杖。,350
杖,2,大地之杖,單手武器,攻擊+5 精神+8~+10 魔攻+42~+48,以大地之力量鍛煉的杖。,450
杖,2,激流權杖,單手武器,攻擊+11~+20 精神+5 魔攻+42~+45,以激烈水流鍛煉的中型杖。,500
杖,3,魔之手杖,單手武器,攻擊+5 精神+10~+15 魔攻+73~+82,方便使出魔法的長杖。,600
杖,3,魔之權杖,單手武器,攻擊+19~+30 精神+5 魔攻+73~+77,方便使出魔法的中型杖。,700
杖,4,賢者手杖,單手武器,攻擊+5 精神+15~+20 魔攻+104~+116,賢者之長杖。,800
杖,4,賢者權杖,單手武器,攻擊+28~+40 精神+5 魔攻+104~+110,賢者之中型杖。,950
杖,5,琥珀杖,單手武器,攻擊+5 精神+20~+25 魔攻+135~+150,琥珀色閃亮的杖。,1100
杖,5,琥珀權杖,單手武器,攻擊+37~+50 精神+5 魔攻+135~+142,琥珀色閃亮的中型杖。,1200
杖,5,魔晶之杖,雙手武器,攻擊+38~+51 防禦+5 精神+5 回復+1~+6 魔攻+135~+142,此杖同時具有威嚴的外表以及優越的直接攻擊力。,800
杖,6,元素之杖,單手武器,攻擊+5 精神+24~+30 魔攻+166~+184,精靈形狀的杖。,1400
杖,6,神聖之杖,單手武器,攻擊+46~+60 精神+5 魔攻+166~+175,受過神官祝福的杖。,1600
杖,7,怒音之杖,單手武器,攻擊+5 精神+28~+35 魔攻+197~+218,揮打也發不出聲音的杖。,1700
杖,7,隱者之杖,單手武器,攻擊+55~+70 精神+5 魔攻+197~+207,隱者形狀的中型杖。,1700
杖,7,水龍之杖,單手武器,攻擊+70 精神+35 魔攻+218 耐久200,寄宿有海神的魔力的杖,無法販售
杖,8,光明短杖,單手武器,攻擊+5 精神+32~+40 魔攻+228~+252,好人用的短杖。,1800
杖,8,惡魔之杖,單手武器,攻擊+64~+80 精神+5 魔攻+228~+240,惡魔形狀的杖。,1800
杖,8,落雷權杖+,單手武器,攻擊+50~+70 精神+28~+35 魔攻+197~+208 耐久300~+350 生產系晉升任務Ⅲ,隱者形狀的中型杖。,1700
杖,9,太陽短杖,單手武器,攻擊+5 精神+36~+45 魔攻+259~+286,太陽形狀的長杖。,2100
杖,9,天使之杖,單手武器,攻擊+72~+90 精神+5 魔攻+259~+272,天使形狀的杖。,2100
杖,10,聖者之杖,單手武器,攻擊+5 精神+43~+50 魔攻+290~+320,天使翅膀形狀的杖。,4500
杖,10,星屑短杖,單手武器,攻擊+85~+100 精神+5 魔攻+290~+305,宿有冥王之力的短杖。,4100
杖,11,王者之手,單手武器,精神+53~+60 閃躲+10 魔攻+300~+330,引出裝備著的極限魔力，能夠向神借取更高的力量。,5100
杖,11,星錘杖,單手武器,攻擊+153~+181 防禦+50 命中+10 魔攻+228~+251,提高配戴者的靈感力，無論任何種戰況皆能運用自如的手杖。,
投具,1,木製大型回力鏢,雙手武器,攻擊+12~+23,很重，大型的回力鏢。,220
投具,1,青銅回力鏢,雙手武器,攻擊+18~+35,青銅製回力鏢。,350
投具,2,追跡者,雙手武器,攻擊+25~+46,操作簡單的大型回力鏢。,450
投具,2,彩光回力鏢,雙手武器,攻擊+32~+58,發出各種光的回力鏢。,500
投具,3,暗殺回力鏢,雙手武器,攻擊+41~+69,可從死角飛過去的回力鏢。,600
投具,3,殺敵回力鏢,雙手武器,攻擊+49~+81,切到敵人深處的回力鏢。,700
投具,4,獅子回力鏢,雙手武器,攻擊+60~+92,模仿獅子的回力鏢。,800
投具,4,銳角回力鏢,雙手武器,攻擊+68~+104,快速迴轉的回力鏢。,950
投具,5,翼鹿回力鏢,雙手武器,攻擊+81~+115,模仿有翅膀的鹿的回力鏢。,1100
投具,5,阿修塔羅回力鏢,雙手武器,攻擊+89~+127,那裡都可飛到的回力鏢。,1200
投具,5,北斗之鎌刀,雙手武器,攻擊+85~+135 必殺+1~+5 閃躲+1,名為「諸神之鎌」的圓形投擲武器。,800
投具,6,蛇獅回力鏢,雙手武器,攻擊+104~+138,模仿獅子之回力鏢。,1300
投具,6,鶇回力鏢,雙手武器,攻擊+113~+150,模仿大鶇的回力鏢。,1400
投具,7,雄翼牛回力鏢,雙手武器,攻擊+130~+173,模仿有翅膀的公牛之回力鏢。,1500
投具,7,閃光回力鏢,雙手武器,攻擊+130~+140 必殺+15,閃爍閃亮的回力標。,1500
投具,7,冰龍,雙手武器,攻擊+173 精神+10 必殺+20 耐久300,寄宿有海神的魔力的投具,無法販售
投具,8,凶豹回力鏢,雙手武器,攻擊+147~+196,模仿惡豹的姿勢的回力鏢。,1600
投具,8,赤獅回力鏢,雙手武器,攻擊+130~+160 陽炎所需消耗魔力減少30%,模仿紅色獅子的回力鏢。,1600
投具,8,熊翼回力鏢+,雙手武器,攻擊+130~+155 敏捷+10~+20 閃躲+1~+3 生產系晉升任務Ⅲ,模仿有翅膀的公牛之回力鏢。,
投具,9,天使之翼,雙手武器,攻擊+175~+219,模仿天使翅膀的回力鏢。,2400
投具,9,普利辛回力鏢,雙手武器,攻擊+220~+230 閃躲-5 陽炎所需消耗魔力減少20%,可用來防御的回力鏢。,2700
投具,10,治癒回力鏢,雙手武器,攻擊+216~+242,治療主人的回力鏢。,3500
投具,10,天秤回力鏢,雙手武器,攻擊+236~+242 防禦+5 命中+5 閃躲+1,以燃燒天秤的形狀為模型所做成的回力鏢。,4500
投具,11,基盤飛鏢,雙手武器,攻擊+201~+221 魔力+152~199 精神+20,。,
投具,11,節制飛鏢,雙手武器,攻擊+230~+251 命中+6 閃躲+10,能讓持有者保持平常心，容易上手的投擲武器。,6200
小刀,1,小刀,雙手武器,攻擊+9~+18 必殺+3,用途廣的小劍。,220
小刀,1,銳刃小刀,雙手武器,攻擊+14~+27 必殺+3,有尖銳尖端的小劍。,350
小刀,2,圓盤小刀,雙手武器,攻擊+20~+36 必殺+3,手把兩邊有圓盤的小刀。,450
小刀,2,細刃擲刀,雙手武器,攻擊+25~+45 必殺+3,劍身細又長的小刀。,550
小刀,3,滑翔小刀,雙手武器,攻擊+32~+54 必殺+3,專門投擲的小刀。,650
小刀,3,細直刃小刀,雙手武器,攻擊+38~+63 必殺+3,直又有尖銳尖端的小刀。,750
小刀,4,耳柄小刀,雙手武器,攻擊+47~+72 必殺+3,柄像耳朵形狀的小刀。,850
小刀,4,騎士小刀,雙手武器,攻擊+53~+81 必殺+3,最後一擊用的小刀。,950
小刀,5,球鍔小刀,雙手武器,攻擊+63~+90 必殺+3,有球狀金屬的男性用小刀。,1100
小刀,5,雙刃小刀,雙手武器,攻擊+69~+99 必殺+3,兩側有刃部直的大型小刀。,1200
小刀,5,忍者飛鏢,雙手武器,攻擊+66~+110 敏捷+1~+6 必殺+3 命中+2 閃躲+2,可以拿來當鏟子或鑿子用，多種用途的忍者武器。,800
小刀,6,闊刃小刀,雙手武器,攻擊+81~+108 必殺+3,寬又兩側有刃部的直小刀。,1300
小刀,6,觸角小刀,雙手武器,攻擊+88~+117 必殺+3,柄頭像觸角的小刀。,1400
小刀,7,漢拉提小刀,雙手武器,攻擊+116~+126 必殺+3 命中+15 閃躲-15,柄上兩端都有刀的特殊小刀。,1500
小刀,7,兇殺刀,雙手武器,攻擊+101~+135 必殺+3,有複雜型狀刀身，危險投擲小刀。,1500
小刀,7,水龍的小刀,雙手武器,攻擊+129 命中+25 明鏡止水所需魔力減少50% 耐久300,寄宿有海神的魔力的短劍。,無法販售
小刀,8,切肉小刀,雙手武器,攻擊+50 敏捷+15 必殺+18 命中+15 閃躲+15,S字狀彎曲的切肉小刀。,1600
小刀,8,古傳小刀,雙手武器,攻擊+115~+153 必殺+3,兩邊刃部的傳統大小刀。,1600
小刀,8,疾速短刀+,雙手武器,攻擊+110~+140 必殺+1~+5 命中+1~+3 耐久150~+190 生產系晉升任務Ⅲ,有複雜型狀刀身，危險投擲小刀。,1500
小刀,9,華麗小刀,雙手武器,攻擊+137~+171 必殺+3,有豪華裝飾的小刀。,2800
小刀,9,手裡劍,雙手武器,攻擊+117~+151 必殺+6 命中+3 陽炎所需消耗魔力減少30%,回轉投擲，特殊暗殺用武器。,3600
小刀,10,勾爪擲刀,雙手武器,攻擊+161~+189 必殺+3,有新月型勾的投擲小刀。,4300
小刀,10,幻之匕首,雙手武器,攻擊+190~+210 必殺-3,幻之金製的瀟灑小刀。,5000
小刀,11,破滅刀,雙手武器,攻擊+190~193 命中+10 閃躲+4,具有毀滅一切之恐佈力量的小刀。,
小刀,11,兇殘刀,雙手武器,攻擊+186~+195 必殺+11,無視對手強弱，一律毀滅的小刀。,
炸彈,1,蕃茄炸彈,單體攻擊,攻擊+10 ( 2 個),由蕃茄轉化成的爆裂物。,無法販售
炸彈,1,白米炸彈,單體攻擊,攻擊+18 ( 4 個),由白米轉化而成的爆裂物。,無法販售
炸彈,2,石彈,單體攻擊,攻擊+25 有機率出現石化效果 ( 2 個),具有隕石之力的爆裂物。,無法販售
炸彈,2,火焰彈,單體攻擊,攻擊+32 ( 4 個),具有火焰之力的爆裂物。,無法販售
炸彈,3,手榴彈,單體攻擊,攻擊+71 有機率出現昏睡效果 ( 2 個),有著一定殺傷力的爆裂物。,無法販售
炸彈,3,冷凍彈,單體攻擊,攻擊+82 ( 4 個),具有冰錐之力的爆裂物。,無法販售
炸彈,4,輪刃,單體攻擊,攻擊+96 ( 2 個),具有旋風之力的爆裂物。,無法販售
炸彈,4,蜂巢,單體攻擊,攻擊+108 ( 4 個),外型相似蜂巢的金屬製爆裂物。,無法販售
炸彈,5,黃色炸藥,強力攻擊,攻擊+123 ( 4 個),需小心使用的危險爆裂物。,無法販售
炸彈,5,迷魂彈,強力攻擊,攻擊+135 有機率出現混亂效果 ( 6 個),使人目眩混亂的爆裂物。,無法販售
炸彈,6,臭彈,強力攻擊,攻擊+150 有機率出現中毒效果 ( 4 個),使人噁心中毒的爆裂物。,無法販售
炸彈,6,狂風炸彈,強力攻擊,攻擊+162 ( 6 個),具有強風之力的爆裂物。,無法販售
炸彈,7,催淚彈,強力攻擊,攻擊+189 有機率出現酒醉效果 ( 4 個),使人頭昏酒醉的爆裂物。,無法販售
炸彈,7,催眠彈,強力攻擊,攻擊+177 有機率出現昏睡效果 ( 6 個),使人昏昏欲睡的爆裂物。,無法販售
炸彈,8,星星彈,強力攻擊,攻擊+240 ( 4 個),具有星星之力的爆裂物。,無法販售
炸彈,8,毒氣彈,強力攻擊,攻擊+207 有機率出現中毒效果 ( 6 個),釋放毒氣使人中毒身亡的爆裂物。,無法販售
炸彈,9,碎紙彈,全體攻擊,攻擊+234 有機率出現遺忘效果 ( 10 個),爆出許多令人目炫的紙花，使人忘了一切。,無法販售
炸彈,9,雪花彈,全體攻擊,攻擊+288 ( 6 個),雪花結晶外型的爆裂物。,無法販售
炸彈,10,銀彈,全體攻擊,攻擊+266 有機率出現混亂效果 ( 10 個),相當昂貴的爆裂物。,無法販售
炸彈,10,震撼彈,全體攻擊,攻擊+360 ( 5 個),破壞力令人震撼的爆裂物。,無法販售
頭盔,1,硬皮頭盔,頭部防具,防禦+6~+11 抗魔+5~+7,硬皮做的頭盔。,140
頭盔,1,銅製頭盔,頭部防具,防禦+9~+17 抗魔+3~+5,銅做的頭盔，薄但重。,200
頭盔,2,鐵板布盔,頭部防具,防禦+12~+22 抗魔+10~+14,鐵板做，用布包起來的帽子型頭盔。,260
頭盔,2,銅鐵皮盔,頭部防具,防禦+15~+28 抗魔+6~+10,用鐵與銅加強的皮製頭盔。,320
頭盔,3,金屬護額,頭部防具,防禦+20~+33 抗魔+15~+21,放鐵板在額頭上的頭巾。,400
頭盔,3,鐵製頭盔,頭部防具,防禦+23~+39 抗魔+9~+15,鐵製頭盔。,480
頭盔,4,霸葛頭盔,頭部防具,防禦+29~+44 抗魔+20~+28,有帽緣與額頭鐵板的頭盔。,550
頭盔,4,角飾頭盔,頭部防具,防禦+33~+50 抗魔+12~+20,有裝飾角的頭盔。,660
頭盔,5,開放式頭盔,頭部防具,防禦+39~+55 抗魔+25~+35,露出臉部的頭盔。,1000
頭盔,5,葛理克頭盔,頭部防具,防禦+43~+61 抗魔+15~+25,保護臉部的頭盔。,1200
頭盔,5,聖騎士之盔,頭部防具,防禦+42~+52 命中+6 閃躲-5 抗魔+35~+39,以高潔的騎士為名的頭盔，外型密閉，容易集中精神。,550
頭盔,6,巴比克頭盔,頭部防具,防禦+50~+66 抗魔+30~+42,邊邊很寬的頭盔。,1400
頭盔,6,利刃頭盔,頭部防具,防禦+54~+72 抗魔+18~+30,頭頂有銳利刃部的頭盔。,1500
頭盔,7,騎士頭盔,頭部防具,防禦+60 抗魔+28~+42 護衛所需消耗魔力減少25%,騎士用的頭盔。,1550
頭盔,7,鋼製頭盔,頭部防具,防禦+62~+83 抗魔+24~+38,頭頂部與頭部後面受保護的鋼製頭盔。,1550
頭盔,7,水龍之盔,頭部防具,防禦+110 耐久200 護衛所需消耗魔力減少50%,寄宿有海神的魔力的頭盔。,無法販售
頭盔,8,博流蓋爾頭盔,頭部防具,防禦+65 命中-5 閃躲+25 抗魔+10,有羽毛裝飾的鐵製的頭盔。,1600
頭盔,8,鉚釘頭盔,頭部防具,防禦+71~+94 抗魔+32~+48,用鐵板與圖釘裝飾的頭盔。,1600
頭盔,8,鋼製頭盔+,頭部防具,防禦+65~+85 閃躲+1~+5 命中-1 抗魔+16~+32 耐久300~+350 生產系晉升任務Ⅲ,頭頂部與頭部後面受保護的鋼製頭盔。,1550
頭盔,9,羽毛頭盔,頭部防具,防禦+84~+105 抗魔+45~+63,為了王宮警衛做的頭盔。,2000
頭盔,9,龍盔,頭部防具,防禦+85 命中+3 抗魔+24~+36 護衛所需消耗魔力減少25%,古代勇者所戴的頭盔。,2400
頭盔,10,白金頭盔,頭部防具,防禦+99~+116 抗魔+50~+70,白金做的頭盔。,3300
頭盔,10,聖龍頭盔,頭部防具,防禦+130 抗魔+40~+60 必殺 -5,可使用古代神秘力量的頭盔。,4000
頭盔,11,正義頭盔,頭部防具,防禦+95 必殺+6 閃躲-5 抗魔+77~+87,擁有正義之心者所愛用的頭盔。,4300
頭盔,11,靈力頭盔,頭部防具,防禦+105~+111 反擊+8 命中+5 閃躲-5 抗魔+74~+77,據說可以藉由此物和惡魔訂定契約的頭盔。,
帽子,1,麻布帽,頭部防具,防禦+4~+7 命中+5,薄布做的帽子。,140
帽子,1,硬帽,頭部防具,防禦+6~+11 命中+5,稍微硬厚的帽子。,200
帽子,2,輕帽,頭部防具,防禦+8~+14 命中+5,輕量帽子。,260
帽子,2,皮帽,頭部防具,防禦+10~+18 命中+5,皮做的成熟帽子。,330
帽子,3,硬皮帽,頭部防具,防禦+13~+21 命中+5,結實的皮做的帽子。,400
帽子,3,可愛的帽子,頭部防具,防禦+15~+25 命中+5,適合可愛女生的帽子。,500
帽子,4,時髦帽子,頭部防具,防禦+18~+28 命中+5,時髦漂亮的帽子。,600
帽子,4,鴨舌帽,頭部防具,防禦+21~+32 命中+5,結實的帽子。,700
帽子,5,藍徽章之帽,頭部防具,防禦+25~+35 命中+5,有藍色貼布的帽子。,900
帽子,5,高級帽子,頭部防具,防禦+27~+39 命中+5,用高級布做的高雅帽子。,900
帽子,5,劍客帽,頭部防具,防禦+10~+14 生命+66~+75 命中+5 精神-10 閃躲+3 使用明鏡止水技能同時增加一定閃躲率,羽毛乍看似乎很多餘，其實是提升裝備者回避能力的秘密武器。,600
帽子,6,裝飾著花的帽子,頭部防具,防禦+32~+42 命中+5,有很多花的草帽。,900
帽子,6,青銅帽子,頭部防具,防禦+35~+46 命中+5,裡面有薄的銅金屬版來加強的帽子。,900
帽子,7,淑女帽,頭部防具,防禦+10 精神+20,抗雨性強。,1000
帽子,7,可愛的扁帽子,頭部防具,防禦+40~+53 命中+5,法蘭選美會推薦的帽子。,1000
帽子,7,水龍之帽,頭部防具,防禦+53 精神+20 命中+5 耐久200,寄宿有海神的魔力的帽子。,無法販售
帽子,8,軍帽,頭部防具,防禦+42~+57 命中+5,有金色花樣的氣派帽子。,1100
帽子,8,時髦避暑帽,頭部防具,防禦+32~+46 命中+5 抗石+5 抗混+5,用漂亮的線織成的時髦帽子。,1100
帽子,8,可愛的扁帽子+,頭部防具,防禦+38~+45 命中+5 閃躲+1~+3 耐久250~+300 生產系晉升任務Ⅲ,法蘭選美會推薦的帽子。,1000
帽子,8,頭目帽子,頭部防具,防禦+56 命中+5 閃躲+3 耐久200 偷竊所需消耗魔力減少50% 稱號：卡拉班一家,頭目外出時所戴的帽子。,1100
帽子,9,羽毛帽,頭部防具,防禦+54~+67 命中+5,有羽毛裝飾的漂亮又輕量的帽子。,1800
帽子,9,魔術師之帽,頭部防具,防禦+5 命中+15,魔術士專用的不可思議帽子。,2200
帽子,10,黃昏之帽,頭部防具,防禦+63~+75 命中+5,受自然力量保護的帽子。,2900
帽子,10,妖精之帽,頭部防具,防禦+60 命中+5 閃躲+2 恢復魔法所需消耗魔力減少15%,有精靈力量的輕量帽子。,4000
帽子,11,貝斯神帽,頭部防具,防禦+36~+47 昏睡+20 酒醉+20 遺忘+20 閃躲+10,能夠實現配戴者之慾望的帽子。,3900
帽子,11,神官帽,頭部防具,防禦+67~+74 中毒+20 石化+20 混亂+20 命中+10,高位神官所愛用的帽子。,4900
鎧甲,1,軟皮甲,身體防具,防禦+11~+21 閃躲-10 抗魔+6~+8,皮做的輕盔甲。,220
鎧甲,1,護心甲,身體防具,防禦+16~+32 閃躲-10 抗魔+4~+6,保護胸部的板子。,300
鎧甲,2,青銅鎧甲,身體防具,防禦+23~+42 閃躲-10 抗魔+12~+16,銅製的盔甲肩膀上有突起部。,400
鎧甲,2,輕型鎧甲,身體防具,防禦+29~+53 閃躲-10 抗魔+8~+12,輕而且通氣性高的盔甲。,450
鎧甲,3,輕型鎖鍊甲,身體防具,防禦+38~+63 閃躲-10 抗魔+18~+24,鏈子般的輕量鐵做的防具。,550
鎧甲,3,環甲,身體防具,防禦+44~+74 閃躲-10 抗魔+12~+18,連結金屬圈圈的盔甲。,700
鎧甲,4,鋼鐵鎧甲,身體防具,防禦+55~+84 閃躲-10 抗魔+24~+32,鍛煉過的鋼鐵製盔甲。,900
鎧甲,4,金屬皮甲,身體防具,防禦+62~+95 閃躲-10 抗魔+16~+24 耐久320~+430,把金屬小片縫在皮上的盔甲。,1000
鎧甲,5,長型金屬鎧甲,身體防具,防禦+74~+105 閃躲-10 抗魔+30~+40,很多長方形金屬片疊起來做的盔甲。,1200
鎧甲,5,索狀鎧甲,身體防具,防禦+81~+116 閃躲-10 抗魔+20~+30,鋼製鍵子編織的盔甲。,1300
鎧甲,5,劍齒鎧甲,身體防具,防禦+100~+110 抗魔+18~+28 必殺-5 反擊+8 閃躲-10 使用護衛技能時同時發動反擊,專為保護重要人物的騎士們所開發的鎧甲。,900
鎧甲,6,重鐵板甲,身體防具,防禦+95~+126 閃躲-10 抗魔+36~+48,板金疊起來做的盔甲。,1700
鎧甲,6,鐵板半身甲,身體防具,防禦+103~+137 閃躲-10 抗魔+24~+36,改造鐵板做的上半身保護盔甲。,1700
鎧甲,7,實戰鎧甲,身體防具,防禦+110~+147 閃躲-10 抗魔+42~+56,重視實戰的全身盔甲。,1800
鎧甲,7,黃金鎧甲,身體防具,防禦+20 精神+50 閃躲-5 抗魔+40,為了提高強度，與某素材合成的盔甲。,1800
鎧甲,7,水龍鎧甲,身體防具,防禦+170 抗毒+65 耐久200,寄宿有海神的魔力的鎧甲。,無法販售
鎧甲,8,重金屬鎧甲,身體防具,防禦+126~+179 閃躲-10 抗魔+48~+64,全身用金屬包起來的強固盔甲。,1900
鎧甲,8,野獸之鎧,身體防具,防禦+130~+140 抗魔+16~+24 耐久350~+400,動物強固皮做的盔甲。,1900
鎧甲,8,實戰鎧甲+,身體防具,防禦+115~+155 閃躲-5~-10 敏捷-5~-10 抗魔+24~+40 耐久280~+350 生產系晉升任務Ⅲ,重視實戰的全身盔甲。,1800
鎧甲,9,帝王之鎧,身體防具,防禦+160~+200 閃躲-10 抗魔+27~+36,統一世界的人曾用過的盔甲。,4300
鎧甲,9,亡靈鎧甲,身體防具,防禦+160 閃躲+10 抗毒化+3 抗睡眠+3 抗石化+3 抗魔+12,受魔族詛咒的鎧甲。,5200
鎧甲,10,漆黑之鎧,身體防具,防禦+188~+221 閃躲-10 抗魔+70~+80,防禦力強大眾神之盔甲。,6200
鎧甲,10,騎士鎧甲,身體防具,攻擊-15 防禦+240 閃躲-7 抗魔+50~+60,據說諸神曾穿過的盔甲。,7600
鎧甲,11,紅繩威鎧,身體防具,防禦+214~+222 命中+8 閃躲-10 抗魔+51,紅繩黑色鎧身的威風鎧甲。,
鎧甲,11,守護鎧甲,身體防具,防禦+227 閃躲-5 生命+93 抗魔+99,設計成包裏住使用者的模樣，可以提高體力的鎧甲。,
衣服,1,旅人之服,身體防具,防禦+7~+14 閃躲+5,是普通的布料，但口袋多，方便。,220
衣服,1,保護衣,身體防具,防禦+11~+21 閃躲+5,穿在盔甲下面，保護皮膚。,300
衣服,2,羽毛裝,身體防具,防禦+15~+28 閃躲+5,輕量羽毛做的套裝。,400
衣服,2,皮裝,身體防具,防禦+19~+35 閃躲+5,皮做的服裝。,500
衣服,3,硬皮服,身體防具,防禦+21~+42 閃躲+5,還算結實的皮做的衣服。,600
衣服,3,鎖鏈裝,身體防具,防禦+29~+49 閃躲+5,把細的金屬圈接起來做的套裝。,700
衣服,4,布甲,身體防具,防禦+36~+56 閃躲+5,結實布料做的像盔甲一樣的衣服。,800
衣服,4,襯甲,身體防具,防禦+41~+64 閃躲+5,用布料變厚的像盔甲一樣的衣服。,900
衣服,5,環服,身體防具,防禦+49~+70 閃躲+5,利用鐵環編織而成的衣服。,1100
衣服,5,士兵護衣,身體防具,防禦+54~+78 閃躲+5,士兵的防護服。,1300
衣服,5,功夫裝,身體防具,防禦+38~+48 抗魔+15~+18 使用偷竊技能同時造成對象損傷,以戰鬥為志向的盜賊們所愛用的服裝。,900
衣服,6,長索錐衣,身體防具,防禦+63~+84 閃躲+5,長的鍊子服。,1500
衣服,6,索錐上衣,身體防具,防禦+68~+92 閃躲+5,穿在鍊子服上的衣服。,1700
衣服,7,骨衣,身體防具,防禦+79~+105 閃躲+5,細又柔軟的軟骨編織而成的襯衫。,1750
衣服,7,超級衣服,身體防具,防禦+74~+98 閃躲+5 抗中毒+8 抗石化+8,有不可思議魔力的衣服。,1750
衣服,7,水龍之服,身體防具,防禦+30 閃躲+80 耐久200,寄宿有海神的魔力的衣服。,無法販售
衣服,8,疾風之衣,身體防具,防禦+100~+112 命中+2 閃躲+5 稱號：幸運的人,加強閃躲能力的衣服。,1800
衣服,8,步兵戰衣,身體防具,防禦+89~+119 閃躲+5,步兵用，裡面加入板子的戰衣。,1800
衣服,8,獸骨之衣+,身體防具,防禦+88~+115 敏捷+10~+20 閃躲+5 耐久250~+350 生產系晉升任務Ⅲ,細又柔軟的軟骨編織而成的襯衫。,1750
衣服,9,勇者之衣,身體防具,防禦+116~+133 閃躲+5,據說是開啟者曾穿過的衣服。,3800
衣服,9,女神之衣,身體防具,防禦+95 命中+2 閃躲+15,據說女神曾穿過的聖衣。,5000
衣服,10,不死鳥之服,身體防具,防禦+135~+147 閃躲+5 耐久350~+400,有自己回復能力的衣服。,7000
衣服,10,靈魂之服,身體防具,防禦+120 命中+2 閃躲+5 氣功彈所需消耗魔力減少10%,裡面有熱能的衣服。,7800
衣服,11,海洋之服,身體防具,攻擊+20 防禦+163~+181 命中+5 閃躲-5,凝結了船員願望所誕生的衣服。,8000
衣服,11,幻想之服,身體防具,防禦+90~+92 回復+10 必殺+5,幻想系的服裝。可迷惑敵方的視覺。,9000
長袍,1,羽毛袍,身體防具,防禦+4~+8 魔力+40~+50,以輕量羽毛做的袍。,220
長袍,1,輕皮袍,身體防具,防禦+6~+12 魔力+60~+75,以輕量皮做的袍。,370
長袍,2,網袍,身體防具,防禦+9~+16 魔力+80~+100,以棉網狀編織的袍。,470
長袍,2,風袍,身體防具,防禦+11~+20 魔力+100~+125,以輕量羽毛做的袍，很輕。,550
長袍,3,硬皮袍,身體防具,防禦+14~+24 魔力+120~+150,有點悶熱但以結實皮做的袍。,650
長袍,3,環袍,身體防具,防禦+17~+28 魔力+140~+175,以圈型鐵包起來的袍。,700
長袍,4,烏鴉之袍,身體防具,防禦+21~+32 魔力+160~+200,能聽懂魔女的話，織進烏鴉羽毛的袍。,800
長袍,4,月亮之袍,身體防具,防禦+23~+36 魔力+180~+225,寫滿了魔法文字的袍。,890
長袍,4,狐皮披風,身體防具,防禦+17~+22 敏捷+7~12 抗昏睡+1~+2、抗混亂+1~+2 抗酒醉+1~+2、抗石化+1~+2 抗毒+1~+2、抗遺忘+1~+2 魔力+47~+59,據說是忍者飛翔時穿在身上的斗篷。,
長袍,5,東方法衣,身體防具,防禦+28~+40 魔力+200~+250,滿是水晶的水晶的袍。,1100
長袍,5,聖堂之袍,身體防具,防禦+31~+44 魔力+220~+275,法蘭大聖堂公認的袍。,1300
長袍,5,治癒之袍,身體防具,防禦+68~+75 魔力+151~+174 回復+8,以能治癒百病的泉水為名，擁有治療能力的袍。,800
長袍,6,聖者之袍,身體防具,防禦+36~+48 魔力+240~+300,隱藏聖者之力的袍。,1500
長袍,6,戰鬥長袍,身體防具,防禦+39~+52 魔力+260~+325,戰鬥用的實用袍。,1700
長袍,7,冠軍之袍,身體防具,防禦+42~+56 吸血魔法所需消耗魔力減少20%,阿斯提亞僧兵穿的戰鬥袍，魔力不會上昇。,1750
長袍,7,時之袍,身體防具,防禦+45~+60 魔力+300~+375,歷史悠久的袍。,1750
長袍,7,水龍法袍,身體防具,防禦+70 魔力+500 睡眠+10、石化+10 中毒+10 超強補血魔法所需消耗魔力減少30% 耐久200,寄宿有海神的魔力的長袍。,無法販售
長袍,8,死神之袍,身體防具,防禦+48~+64 魔力+320~+400 各種狀態抵抗+4,有邪惡力量危險的袍。,1800
長袍,8,勇者之袍,身體防具,防禦+51~+68 魔力+340~+425,據說是傳說中的魔法師穿的袍。,1800
長袍,8,潔淨之袍+,身體防具,防禦+45~+61 魔力+300~+400 回復+1~+5 耐久300~+350 生產系晉升任務Ⅲ,歷史悠久的袍。,1750
長袍,9,黑暗之袍,身體防具,防禦+61~+76 魔力+380~+475,帶負面魔力的袍。,3500
長袍,9,聖袍,身體防具,防禦-10 魔力+650,帶正面魔力的神聖袍。,3500
長袍,10,靈魂之袍,身體防具,防禦+71~+84 魔力+480~+525,裡面有熱誠的袍。,5200
長袍,10,奇蹟之袍,身體防具,防禦+80 魔力+400 補血魔法(單體)所需消耗魔力減少25%,引發奇蹟力量的不可思議袍。,6000
長袍,11,共鳴之袍,身體防具,防禦+27~+30 回復+10 閃躲+10 魔力+514~+550,提高術者再生能力的長袍。,6200
長袍,11,和平之袍,身體防具,防禦+120 必殺+10 魔力+179,。,
靴子,1,軟皮靴,足部防具,防禦+5~+10 抗魔+3~+5,以柔軟素材做的靴。,220
靴子,1,皮靴,足部防具,防禦+8~+15 抗魔+1~+3,皮做的靴。,250
靴子,2,硬皮靴,足部防具,防禦+10~+19 抗魔+6~+10,用硬又結實的皮做的靴。,300
靴子,2,長靴,足部防具,防禦+13~+24 抗魔+2~+6,比普通做的較長的靴。,370
靴子,3,厚底靴,足部防具,防禦+17~+29 抗魔+9~+15,靴底厚又保暖。,440
靴子,3,編織的靴子,足部防具,防禦+20~+34 抗魔+3~+9,以結實的繩子綁幾層的靴。,520
靴子,4,鎖鍊長靴,足部防具,防禦+25~+38 抗魔+12~+20,綁金屬網，加強的長統靴。,600
靴子,4,鎖鍊靴,足部防具,防禦+28~+43 抗魔+4~+12,綁鐵網，加強的長統靴。,650
靴子,5,蜥蝪靴,足部防具,防禦+34~+48 抗魔+15~+25,菱形金屬片疊起來做的靴。,1000
靴子,5,蜥蝪長靴,足部防具,防禦+37~+53 抗魔+5~+15,鯪形金屬片疊起來做的長筒靴。,1100
靴子,5,防護靴,足部防具,防禦+16~+20 必殺+6 閃躲-5 抗魔+1~+10,能夠在戰鬥中確保退路的厚重靴子。,??
靴子,6,鋼靴,足部防具,防禦+43~+57 抗魔+18~+30,鋼鐵製靴。,1300
靴子,6,鋼製長靴,足部防具,防禦+47~+62 抗魔+6~+18,鋼鐵製長筒靴。,1400
靴子,7,水晶靴,足部防具,防禦+54~+72 抗魔+21~+35,以水晶做的靴。,1450
靴子,7,銀靴,足部防具,防禦+50~+67 敏捷+10 抗睡+8 抗魔+12,有銀裝飾的靴。,1450
靴子,7,水龍之靴,足部防具,防禦+100 魔力+150 必殺+5 命中+5 耐久200,寄宿有海神的魔力的靴子。,無法販售
靴子,8,流水之靴,足部防具,防禦+61~+81 抗魔+24~+40,受火之力量保護的靴。,1500
靴子,8,芙蕾雅之靴,足部防具,防禦+30 必殺+4 反擊+4 抗魔+16,火屬性的靴。,1500
靴子,8,標準長靴+,足部防具,防禦+55~+75 閃躲+1~+3 抗魔+8~+24 耐久170~+220 生產系晉升任務Ⅲ,以水晶做的靴。,1450
靴子,9,鑽石靴,足部防具,防禦+78~+91 抗魔+27~+45,鑽石做的，非常強固的靴。,2200
靴子,9,鑽石長靴,足部防具,防禦+80 必殺+3 反擊+3 命中+2 抗魔+18,鑽石做的，結實靴。,2400
靴子,10,秘密之靴,足部防具,防禦+85~+100 抗魔+40~+50,腳邊不起眼的裝飾品。,4000
靴子,10,龍之靴,足部防具,防禦+85 敏捷+15 命中+3 閃躲+3 抗魔+15,以龍的鱗片完成的靴。,4800
靴子,11,幸運靴,足部防具,防禦+79~+92 閃躲+10 抗魔+20~+25,守護使用者之運勢的鞋子。,
靴子,11,試力鞋,足部防具,防禦+101~+116 反擊+6 抗魔+55~+59,為了試驗力量被製作的長筒皮靴。,
鞋子,1,運動鞋,足部防具,防禦+2~+3 敏捷+3~+4,好動的鞋子。,220
鞋子,1,馬車鞋,足部防具,防禦+3~+5 敏捷+5~+6,可出遠門的結實鞋子。,250
鞋子,2,皮鞋,足部防具,防禦+3~+6 敏捷+6~+8,皮鞋。,300
鞋子,2,安全鞋,足部防具,防禦+4~+8 敏捷+8~+10,礦工用的結實長筒鞋。,350
鞋子,3,光之鞋,足部防具,防禦+5~+9 敏捷+10~+12,以輕量素材做的鞋子。,400
鞋子,3,戰鞋,足部防具,防禦+7~+11 敏捷+11~+14,戰鬥用的又硬又輕的鞋子。,470
鞋子,4,薄板鞋,足部防具,防禦+8~+12 敏捷+13~+16,金屬片疊起來加強的鞋子。,550
鞋子,4,鎖鏈鞋,足部防具,防禦+9~+14 敏捷+14~+18,以金屬網包起來加強的鞋子。,600
鞋子,5,蜥蝪鞋,足部防具,防禦+11~+15 敏捷+16~+20,菱形金屬片疊起來做的鞋子。,1000
鞋子,5,維京鞋,足部防具,防禦+12~+17 敏捷+18~+22,海賊穿的鞋子。,1100
鞋子,5,特製舞鞋,足部防具,防禦+13~+15 敏捷+19~+21 精神+8 生命-30 跳舞成功率上升,跳舞用的鞋子。為了能適應各種地形，做的特別堅固耐穿。,550
鞋子,6,戰鬥鞋,足部防具,防禦+14~+18 敏捷+19~+24,戰鬥用鞋子。,1200
鞋子,6,騎士鞋,足部防具,防禦+15~+20 敏捷+21~+26,騎士專用金屬製鞋子。,1400
鞋子,7,妖精鞋,足部防具,防禦+17~+23 敏捷+24~+30,以精靈為主的鞋子。,1450
鞋子,7,紫水晶鞋,足部防具,防禦+44~+54,有紫水晶水晶裝飾的美麗鞋子。,1450
鞋子,7,水龍之鞋,足部防具,防禦+30 敏捷+30 閃躲+2 命中+2 耐久200,寄宿有海神的魔力的鞋子。,無法販售
鞋子,8,白金鞋,足部防具,防禦+20~+26 敏捷+26~+32,以白金做的鞋子。,1500
鞋子,8,精緻高根鞋,足部防具,防禦+20~+26 敏捷-60 魔力+90,以魔力做的不可思議的鞋子。,1500
鞋子,8,妖精鞋+,足部防具,防禦+18~+24 敏捷+34~+40 魅力+1~+3 耐久160~+210 生產系晉升任務Ⅲ,以精靈為主的鞋子。,1450
鞋子,9,神秘之鞋,足部防具,防禦+23~+29 敏捷+30~+38,由神秘的光圍繞的不可思議的鞋子。,2500
鞋子,9,力量之鞋,足部防具,防禦+23 敏捷+30 抗毒+3 抗睡+3 抗石+3,據說給給人力量的鞋子。,3100
鞋子,10,黃金鞋,足部防具,防禦+27~+32 敏捷+36~+42,諸神做的鞋子。,5400
鞋子,10,龍之鞋,足部防具,防禦+37~+42 敏捷+31~+37 閃躲+3,據說是專門作給神明穿的異國之鞋。,5800
鞋子,11,守護之鞋,足部防具,防禦+10~+15 敏捷+45+64 閃躲+15,整個包裹住使用者的柔軟鞋子。,6400
鞋子,11,大木屐,足部防具,防禦+47~+60 敏捷+11~+17 精神+5 必殺+6,穿起來非常難走的鞋子。光是走幾步路就很辛苦。,7400
盾牌,1,小圓盾,手部防具,防禦+6~+11 閃躲-5 抗魔+10~+12,直接受到敵人攻擊的輕量又小的盾牌。,220
盾牌,1,小型盾,手部防具,防禦+9~+17 閃躲-5 抗魔+8~+10,攜帶方便的小型盾牌。,250
盾牌,2,板盾,手部防具,防禦+12~+22 閃躲-5 抗魔+20~+24,三張薄的木板合在一起的大型盾牌。,300
盾牌,2,鳶盾,手部防具,防禦+15~+28 閃躲-5 抗魔+16~+20,風箏形狀的長方形盾牌。,350
盾牌,3,漩渦重盾,手部防具,防禦+20~+33 閃躲-5 抗魔+30~+36,有螺旋狀花樣的圓形大盾牌。,400
盾牌,3,哥特盾,手部防具,防禦+23~+39 閃躲-5 抗魔+24~+30,有美麗裝飾的美美盾牌。,450
盾牌,4,士兵盾,手部防具,防禦+29~+44 閃躲-5 抗魔+40~+48,裝甲兵用的很素但性能高的盾牌。,520
盾牌,4,重盾,手部防具,防禦+33~+50 閃躲-5 抗魔+32~+40,全金屬做的圓形大盾牌。,600
盾牌,5,蜥蝪盾,手部防具,防禦+39~+55 閃躲-5 抗魔+50~+60,菱形金屬疊起來做的盾牌。,1000
盾牌,5,反光之盾,手部防具,防禦+43~+61 閃躲-5 抗魔+40~+50,可藏在後面的大盾牌。,1100
盾牌,5,聖者之盾,手部防具,防禦+26~+29 命中-3 閃躲-5 抗魔+50~+55 魔力+100~+120,能夠提高裝備者精神力量的盾。,520
盾牌,6,風之盾,手部防具,防禦+50~+67 閃躲-5 抗魔+60~+72,有羽毛花樣的盾牌，很輕，很好用。,1200
盾牌,6,獅子盾,手部防具,防禦+54~+72 閃躲-5 抗魔+48~+60,有獅子花樣的盾牌。,1300
盾牌,7,防守之盾,手部防具,防禦+58~+77 閃躲-5 抗魔+70~+84,白銀做的盾牌。,1350
盾牌,7,黃金之盾,手部防具,防禦+82~+103 命中-10 閃躲-5 抗魔+70,花很多錢做的豪華盾牌，很重。,1350
盾牌,7,水龍之盾,手部防具,攻擊+20 防禦+100 耐久200,寄宿有海神的魔力的盾。,無法販售
盾牌,8,鏡之盾,手部防具,防禦+66~+88 閃躲-5 抗魔+80~+96,像鏡子般，什麼都照的漂亮的盾牌。,1400
盾牌,8,力量之盾,手部防具,防禦+60 閃躲+8 抗魔+32~+40 耐久200,由強烈魔力所保護的盾牌。,1400
盾牌,8,防禦之盾+,手部防具,防禦+59~+79 攻擊+5~+20 抗魔+64~+80 耐久180~+230 生產系晉升任務Ⅲ,白銀做的盾牌。,1350
盾牌,9,漆黑之盾,手部防具,防禦+84~+105 閃躲-5 抗魔+90~+108,隱藏黑暗魔力的盾牌。,2300
盾牌,9,火龍之盾,手部防具,防禦+60 魔力-50 命中+2 閃躲+10 抗魔+36~+45,用火龍的皮做的很強之盾牌。,2600
盾牌,10,黑暗之盾,手部防具,防禦+99~+116 閃躲-5 抗魔+115 聖盾所需消耗魔力減少25%,有負之力量的的渾沌之盾牌。,3500
盾牌,10,勇者之盾,手部防具,防禦+90 魔力+80 抗石化+20 抗魔+90 反擊所需消耗魔力減少25%,傳說中的開啟者之盾牌。,4200
盾牌,11,突猛盾,手部防具,防禦+118 命中+8 閃躲-10 抗魔+100,象徵不畏困難，奮勇突進的盾。,
盾牌,11,重型防禦盾,手部防具,防禦+98 必殺+6 閃躲-5 抗魔+141,裝備後不容易行動的盾。,
